{"schemaVersion":"1.0","appDefinitionTemplate":{"id":"/providers/Microsoft.PowerApps/apps/","type":"Microsoft.PowerApps/apps","tags":{"primaryDeviceWidth":"1366","primaryDeviceHeight":"768","supportsPortrait":"true","supportsLandscape":"true","primaryFormFactor":"Tablet","showStatusBar":"false","publisherVersion":"3.24104.14","minimumRequiredApiVersion":"2.2.0","hasComponent":"false","hasUnlockedComponent":"false","isUnifiedRootApp":"false","sienaVersion":"20241106T115357Z-3.24104.14.0"},"properties":{"appVersion":"2024-11-06T11:53:57Z","lifeCycleId":"Published","createdByClientVersion":{"major":3,"minor":24104,"build":14,"revision":0,"majorRevision":0,"minorRevision":0},"minClientVersion":{"major":3,"minor":24104,"build":14,"revision":0,"majorRevision":0,"minorRevision":0},"backgroundColor":"RGBA(0,176,240,1)","backgroundImageUri":"/7321406038331950834/N3b6656b4-6b05-43ae-8593-431a3eac01f4-logoSmallFile","displayName":"Tally Opening & Closing Balance","description":"","commitMessage":"","appUris":{"documentUri":{"value":"/7321406038331950834/Na61f859e-9d81-467f-934b-aebb0d87183d-document.msapp"},"imageUris":[],"additionalUris":[{"isSolutionAware":false,"value":"/7321406038331950834/N52fbf468-dcfe-417a-80e1-efeb375a62eb-identity.json"}]},"createdTime":"0001-01-01T00:00:00Z","lastModifiedTime":"0001-01-01T00:00:00Z","sharedGroupsCount":0,"sharedUsersCount":0,"connectionReferences":{},"databaseReferences":{},"almMode":"Solution","performanceOptimizationEnabled":false,"canConsumeAppPass":false,"enableModernRuntimeMode":false,"executionRestrictions":{"isTeamsOnly":false,"dataLossPreventionEvaluationResult":{"status":"Compliant","lastEvaluationDate":"2024-11-06T11:54:07.0863307Z","violations":[],"violationsByPolicy":[],"violationErrorMessage":"The app uses the following connectors: ."}}},"appType":"ClassicCanvasApp","appComponents":[]}}